name, age, e-mail, telephone, sex
강지연, 43, l6q, 010-3343-8533, male
정채진, 96, 1oj, 010-3296-5232, female
임예연, 02, c05, 010-3302-5433, female
최채후, 04, zj2, 010-3304-5533, female
장민후, 98, miu, 010-3298-5732, female
조현우, 34, utt, 010-3334-5933, male
정채은, 02, bn1, 010-3302-6033, female
최현연, 32, o66, 010-2332-9623, female
장도아, 03, rwz, 010-3303-6333, female
윤채아, 13, lfe, 010-3313-6533, female
강지진, 28, r0v, 010-3328-6733, female
박지윤, 39, k0e, 010-1339-8013, female
최지아, 32, xkp, 010-3305-6933, female
이채연, 32, qkq, 010-0332-9703, male
이민연, 26, vt9, 010-3326-7133, female
임주아, 34, ah5, 010-3334-9733, male
조서진, 33, i80, 010-6333-9763, male
장서서, 71, ezs, 010-3325-7833, male
조도원, 36, kyd, 010-3336-7933, female
장서서, 66, 3sg, 010-3366-8133, female
이지호, 34, 0od, 010-2334-9823, female
조윤준, 35, mws, 010-3335-8433, female
장현아, 39, 9ia, 010-3339-8033, male
강현우, 32, ien, 010-6332-9863, male
박주아, 43, bcf, 010-3343-8733, female
장윤연, 32, 7yy, 010-9332-9893, male
김하호, 35, s6a, 010-0335-9903, female
김채호, 57, fsi, 010-3357-9333, female
조하호, 72, b9n, 010-3372-9533, male
임주후, 33, 31b, 010-6333-9963, female
장윤진, 08, 3m1, 010-3308-9833, male
박현후, 32, 5qe, 010-0332-0003, female
이채진, 33, 6cq, 010-1333-0013, female
정채서, 68, 68y, 010-3368-0433, female
강도준, 26, ky5, 010-3326-0333, female
김주서, 65, 5dy, 010-3365-0533, male
강도원, 34, yn8, 010-6334-0063, female
임서은, 44, w62, 010-3344-0833, female
이지원, 36, 6ee, 010-3336-0933, male
김예후, 78, v9r, 010-3378-1133, female
강지준, 34, jk1, 010-1334-.013, male
장윤원, 27, 8dy, 010-3327-1533, female
장하원, 55, hjq, 010-3455-1634, male
박민원, 42, jau, 010-3342-1833, female
최예서, 78, 5dc, 010-3378-0633, female
임윤후, 36, isi, 010-0336-0203, male
장서호, 48, nny, 010-3348-2233, male
윤현호, 33, 87v, 010-4332-0243, male
박현윤, 25, e80, 010-3325-2533, male
최주후, 14, irh, 010-3314-2733, female
조예우, 22, 2vc, 010-3322-2933, male
윤지후, 16, yah, 010-3316-3033, male
임지윤, 22, fff, 010-3322-3233, female
강윤준, 07, 8wt, 010-3307-3333, female
정하은, 46, qe4, 010-3346-3533, female
김서원, 75, jsc, 010-3375-0733, female
임하호, 68, st2, 010-3368-3733, female
정예연, 35, z6p, 010-3335-4033, male
박채원, 31, gph, 010-1331-0413, female
강도은, 38, t72, 010-3338-4333, male
조지후, 32, cji, 010-5332-0453, male
최주은, 09, ozq, 010-3309-4733, male
장주연, 32, 5ux, 010-9332-0493, female
최서진, 18, 2xx, 010-3318-5033, female
최예진, 16, nyi, 010-3316-5333, female
장지아, 08, 1oq, 010-3308-5533, male
박현원, 88, hvz, 010-3388-0933, female
장채아, 08, oqn, 010-3308-5733, female
조도후, 45, 2xs, 010-3345-5933, male
강서연, 41, c8v, 010-3341-6133, male
이민후, 42, bhc, 010-3342-6333, female
김서진, 22, 2r3, 010-3322-6433, female
김하준, 11, 0lu, 010-3311-6633, female
박도준, 34, o5y, 010-3334-6833, female
강채호, 37, jma, 010-0337-0703, male
임민진, 26, h5k, 010-3326-7233, male
강채호, 16, pz1, 010-3316-7333, male
박주후, 75, 40m, 010-3375-1133, female
이지원, 22, fzj, 010-6334-0763, male
박윤서, 56, opv, 010-3356-7733, female
김주원, 33, cu3, 010-7933-.079, female
이도진, 32, 8h8, 010-3332-8133, male
최윤은, 23, vfy, 010-3323-8333, female
장주연, 22, mq4, 010-3322-8433, female
장현호, 66, rb5, 010-3366-8633, male
장윤윤, 55, cc9, 010-3355-8833, male
박주은, 08, 6a4, 010-3308-9033, female
윤현윤, 28, rrr, 010-3328-9233, male
임예후, 29, 7kf, 010-3329-1333, male
최민원, 34, yw2, 010-3334-9433, female
최도연, 05, z5u, 010-3305-9533, male
박예연, 34, wyb, 010-7334-0973, male
박예아, 34, bz5, 010-9334-0993, female
조지후, 27, 10r, 010-3327-0033, female
강하호, 78, z2o, 010-3378-0233, female
최서은, 67, kr8, 010-3367-0433, male
정윤진, 36, 6g6, 010-5336-1053, female
조예준, 32, hrr, 010-3332-0733, male
김예진, 11, v4a, 010-3311-0933, male
조채진, 37, dic, 010-3337-1433, male
김지서, 08, xdb, 010-3308-1033, male
조지우, 23, 3u9, 010-3323-1233, male
이서연, 17, eyc, 010-3317-1433, male
장예윤, 25, bw0, 010-3325-1633, female
최민아, 34, i87, 010-8334-1183, female
임윤준, 58, un9, 010-3358-2033, female
박지은, 19, poi, 010-3319-2233, female
박하은, 24, 6mm, 010-3324-2433, female
정주호, 47, qzw, 010-3347-2633, male
최민원, 38, 9c5, 010-3338-2833, female
조하연, 04, q8s, 010-3304-1633, male
임채호, 78, 7cu, 010-3378-8733, female
김현원, 31, jqo, 010-0331-1303, male
최윤연, 33, lmb, 010-3333-3233, female
임도윤, 34, 5se, 010-3334-3433, female
장윤아, 47, 5h5, 010-3347-3533, male
강하연, 43, ume, 010-3343-3733, male
박현은, 31, 4s0, 010-9331-1393, female
이서연, 43, x29, 010-3343-4133, female
정주우, 33, 9mu, 010-4333-.143, female
김지아, 16, ihd, 010-3316-4533, male
윤하진, 22, qx5, 010-3322-4733, female
임하서, 87, y90, 010-3387-1733, female
김지아, 18, rdb, 010-3318-4933, female
강하호, 02, z1k, 010-3302-5133, male
김윤연, 14, ket, 010-3368-5333, male
조하윤, 52, llt, 010-3352-5533, female
박현호, 34, e47, 010-7334-1573, female
강주후, 23, 33v, 010-3323-5933, male
김도연, 12, poc, 010-3312-6033, male
박현윤, 85, ju6, 010-3385-6233, male
조지서, 33, h1l, 010-3333-6433, male
이예아, 25, fsu, 010-3325-6633, female
김민서, 74, zf9, 010-3374-1933, female
장예은, 04, dht, 010-3304-6833, male
강현호, 22, r47, 010-3322-7033, female
김주윤, 25, voa, 010-3325-7233, male
윤채후, 43, rqg, 010-3343-7433, male
조서서, 34, ezs, 010-3334-7633, female
임도우, 26, 22z, 010-3326-7833, male
최서은, 33, 8am, 010-0333-1803, female
임도후, 19, 1xg, 010-3319-8133, male
장도원, 33, 3bf, 010-3333-1833, male
이현원, 28, bgo, 010-3328-8533, female
이민우, 15, p0o, 010-3315-2133, female
조주서, 93, ajh, 010-3393-8733, female
이서준, 34, w7g, 010-3334-8933, male
윤서호, 19, phf, 010-3319-9133, male
이지진, 32, q6y, 010-2332-1923, male
조서연, 21, lg7, 010-3321-9433, male
장지아, 82, dua, 010-3382-9633, female
이하후, 23, 1v0, 010-3323-9833, female
정지아, 46, e9k, 010-3329-0033, male
이도준, 33, cp8, 010-3333-0133, female
윤예후, 38, s74, 010-3338-2043, male
정예연, 36, vf7, 010-2336-8223, female
박도서, 35, v2i, 010-5335-2053, female
강지진, 28, dn4, 010-3328-0733, male
조도준, 08, npp, 010-3308-0933, male
임도서, 55, dag, 010-3355-1133, female
윤서우, 34, 76i, 010-2334-2123, female
이지준, 33, ojs, 010-3333-1433, male
김예준, 33, nny, 010-6333-2163, female
박채후, 34, um9, 010-8334-2183, female
조도윤, 29, gjr, 010-3329-2033, female
김서우, 32, fob, 010-3332-2233, female
김예윤, 44, fxr, 010-3344-2433, male
이예우, 35, mjc, 010-3335-2433, male
이채서, 27, cds, 010-3327-2633, male
김주은, 63, tat, 010-3363-2833, male
장윤서, 65, cm2, 010-3365-2933, male
장채후, 73, 5yv, 010-3373-3133, female
장서은, 34, 67v, 010-3334-2333, male
김지우, 69, 906, 010-3369-3433, female
김하후, 74, ib6, 010-3374-3733, male
강주후, 27, eo9, 010-3327-3933, female
이민원, 23, fog, 010-3323-4133, female
최지호, 38, qdt, 010-3338-2633, male
정채진, 32, zbe, 010-4332-2443, female
이현윤, 48, 90f, 010-3348-4633, female
장지연, 68, 3z7, 010-3368-4833, male
박예은, 45, 4b8, 010-3345-5033, female
최주은, 48, 05l, 010-3348-5233, female
윤예원, 71, l3w, 010-3371-5333, female
이윤윤, 35, xoo, 010-6335-2563, female
조윤진, 33, ot3, 010-7333-2573, male
박도은, 27, jqg, 010-3327-5933, female
최지윤, 25, quu, 010-3325-6133, male
강주후, 36, nqe, 010-3336-2833, female
강주은, 53, zsf, 010-3335-2633, female
강예아, 63, 0ke, 010-3363-6433, male
정주진, 35, 6te, 010-6335-2663, female
강지원, 66, ldj, 010-3566-6735, male
조서서, 43, bs8, 010-3343-6933, female
이지연, 32, aic, 010-3332-7133, female
윤도연, 66, 5l9, 010-3366-7333, male
최채준, 63, njk, 010-3363-7533, male
조민서, 57, lg8, 010-3357-7633, female
박현후, 36, y51, 010-8336-2783, female
정하아, 25, gk9, 010-3325-3033, female
조지준, 23, ruj, 010-3323-8033, female
장민준, 36, ckc, 010-3336-8233, male
정도호, 35, t9z, 010-3335-2833, female
임주호, 32, b1z, 010-3332-8533, male
조민준, 54, nha, 010-3354-8733, male
윤서은, 37, ld2, 010-3337-8833, female
박윤준, 16, ecw, 010-3316-9033, female
김도진, 48, chk, 010-3348-9233, male
강채연, 52, gvu, 010-3351-9433, male
이서후, 35, mmf, 010-5335-2953, female
윤현원, 39, jc9, 010-3339-3133, female
조현서, 47, bbn, 010-3347-9733, male
정채준, 67, u1f, 010-3367-9933, male
임민아, 32, m8r, 010-3632-0136, female
임민서, 26, z35, 010-3326-0333, female
윤지진, 56, jnk, 010-3339-0533, female
장채윤, 35, q70, 010-3335-0633, female
조도윤, 32, 4aj, 010-3332-0833, male
최예서, 23, 02e, 010-3323-1033, female
장지원, 62, 11p, 010-3362-1233, female
강채윤, 13, 2oa, 010-3313-1433, female
최채연, 33, axz, 010-3333-3333, male
임서후, 22, kfx, 010-3322-8933, male
윤지서, 32, kpa, 010-6332-3163, male
강예은, 33, 1fk, 010-8333-3183, female
최도후, 66, n5t, 010-3358-2133, female
임도호, 36, 6zx, 010-3336-3233, female
김도서, 48, gts, 010-3348-2533, male
임예진, 58, 3fg, 010-3358-2733, male
장예준, 48, byu, 010-3371-2933, male
박윤아, 42, kyr, 010-3342-3033, male
최서호, 48, 11a, 010-3348-3233, female
정윤우, 44, sop, 010-3344-3433, male
정지은, 24, 4hk, 010-3324-3533, male
최주원, 55, 8x5, 010-3366-3633, female
장주우, 68, g7g, 010-3362-3833, male
김지윤, 33, e2y, 010-9333-3393, female
임예후, 34, orb, 010-1334-3413, female
정채호, 36, krb, 010-3336-3433, male
조지원, 57, rrr, 010-3357-4533, male
윤지진, 56, 2e6, 010-3356-4733, male
조민아, 33, gq9, 010-9333-3493, female
최예서, 66, ktu, 010-3366-5033, male
최도후, 37, txi, 010-2337-3523, female
박예윤, 33, 9xa, 010-3333-3633, female
최채우, 67, q8e, 010-3367-5433, female
임서준, 64, jn9, 010-3364-5533, male
장민호, 65, jew, 010-3365-5733, female
조현우, 55, x1w, 010-3345-5933, female
최지후, 56, i0a, 010-3356-6033, male
이현진, 52, k1e, 010-3352-6233, male
최서호, 58, kt3, 010-3358-6333, male
김서우, 57, afm, 010-3357-6533, female
임윤후, 75, 0nw, 010-3375-6733, male
강민윤, 48, z3i, 010-3348-6833, female
강현준, 36, y6e, 010-3336-3833, female
임하아, 36, n7n, 010-0336-3703, female
박서우, 73, 47c, 010-3373-7233, male
김하윤, 63, 7h0, 010-3363-7333, male
조주은, 45, s64, 010-3345-7533, male
조채준, 24, meg, 010-3324-7733, female
이현연, 37, u8s, 010-8337-3783, female
강주진, 56, ngz, 010-3356-8033, female
윤지후, 23, msd, 010-3323-8233, male
김주진, 48, 1ym, 010-3348-8433, female
임현우, 34, e2c, 010-3373-8633, female
조주은, 23, rwq, 010-3323-4033, male
정지아, 38, dq6, 010-3338-8833, male
최채은, 68, hnu, 010-3368-9033, male
장주준, 36, 3jk, 010-2336-3923, female
최지은, 31, nnc, 010-3331-9433, male
이현호, 46, ll1, 010-3346-9633, female
이도우, 62, 02q, 010-3362-9733, female
이예연, 54, qpo, 010-3354-9933, male
최예원, 75, f58, 010-3375-0033, female
윤예아, 33, fm1, 010-3333-0233, male
정도윤, 93, btz, 010-3393-0433, female
윤윤은, 14, wfy, 010-3314-4233, male
김예우, 52, 7pi, 010-6335-4063, male
조채진, 48, d4z, 010-3348-0733, female
최하윤, 37, xhx, 010-9337-4093, female
김윤은, 65, mne, 010-3365-1033, female
최주연, 59, fqk, 010-3359-1233, female
최주서, 35, rm1, 010-3335-4133, female
장윤호, 57, ltp, 010-3357-1533, male
박서후, 74, q8x, 010-3374-1733, male
최윤은, 54, 3kp, 010-3354-1833, female
이민은, 74, wp2, 010-3374-2033, female
윤하원, 09, hu2, 010-3309-4333, female
윤주준, 54, n6d, 010-3354-2233, female
박지윤, 63, pop, 010-3363-2333, male
임도호, 66, m8s, 010-3366-2533, male
박윤은, 49, n7u, 010-3362-2733, male
박현윤, 52, mqi, 010-3352-2833, male
이도준, 53, nep, 010-3353-3033, male
박윤준, 38, wei, 010-1338-4313, male
장현원, 36, yfk, 010-3336-4333, male
정주윤, 13, 2kn, 010-3313-3533, male
임민은, 68, 4b2, 010-7334-4373, male
조지윤, 43, xaz, 010-3343-4533, female
김채호, 35, 9d6, 010-8335-4383, male
김도진, 55, 6f4, 010-3355-4033, male
김서진, 25, 3os, 010-3325-4233, female
이도원, 35, o7e, 010-3367-4433, female
임예진, 56, i7k, 010-3356-4533, female
장현후, 36, lsr, 010-6336-4463, female
조현은, 47, 6w4, 010-3347-4833, male
박서우, 33, 40x, 010-5033-.450, male
조하윤, 97, 3k7, 010-3297-5132, female
조채아, 28, vhv, 010-3328-4533, male
조하준, 36, 7nf, 010-7336-8473, female
임하서, 78, z3f, 010-3278-5432, female
이서진, 01, 6ih, 010-3301-5533, female
박서준, 32, zij, 010-7332-4573, female
최지후, 92, gia, 010-3292-5832, male
조하아, 33, ei2, 010-3333-6033, female
장하서, 58, dma, 010-3358-6233, male
윤예은, 58, sgc, 010-3358-6333, female
정도은, 32, xtj, 010-5332-4653, female
박민서, 22, 665, 010-3422-6634, male
정윤아, 56, 34t, 010-3356-6833, male
조지준, 34, eml, 010-9336-8493, male
장주원, 63, 9zt, 010-3363-6933, female
임지진, 45, gqs, 010-3345-7133, male
조하연, 48, kgb, 010-3348-7333, male
박현서, 38, rld, 010-3338-7433, female
강예후, 48, s3r, 010-3348-7633, male
장채원, 45, wxm, 010-3345-7733, female
최지준, 35, arj, 010-3324-7933, male
최지윤, 86, vt8, 010-3286-8032, male
장도윤, 02, 9ec, 010-3302-8133, male
임하원, 33, nca, 010-8233-.482, female
조도은, 37, lhm, 010-3337-5033, male
장윤서, 95, 2c3, 010-3395-9033, female
강지은, 93, 08d, 010-3293-8332, male
조현윤, 31, mi4, 010-5331-4853, female
윤예윤, 27, e2a, 010-3327-8633, female
강예준, 08, ox1, 010-3308-8833, male
강지서, 15, 9dv, 010-3315-8933, female
강현호, 04, ghj, 010-3304-9133, male
강윤서, 31, 7pv, 010-2331-4923, female
장민우, 33, e2n, 010-9333-.493, male
박지은, 06, 9ln, 010-3306-9433, female
박예원, 03, 3k2, 010-3303-9533, female
조주연, 33, ihq, 010-3333-5233, female
장예아, 15, b1k, 010-3315-9633, female
박서진, 04, trf, 010-3304-9833, female
윤민진, 33, uge, 010-9933-.499, female
장예연, 92, 5rd, 010-3292-0132, female
윤지후, 34, bbc, 010-3334-5033, male
조예원, 22, phu, 010-3322-0533, male
윤지서, 07, la3, 010-3307-0633, female
장민서, 42, zt5, 010-3342-0833, female
김하윤, 33, wi9, 010-1033-.510, male
최주우, 17, l8d, 010-3317-1233, female
임주진, 65, eid, 010-3365-5433, female
최도진, 33, 613, 010-4333-5143, female
윤지원, 25, f78, 010-3325-1533, female
정주윤, 33, i3q, 010-7333-5173, male
임도서, 31, pr4, 010-9331-5193, male
박채연, 54, cmm, 010-3354-2033, male
임주연, 33, egi, 010-2333-5223, female
윤하우, 73, iad, 010-3373-2433, male
정지준, 41, hru, 010-3341-2533, female
김도호, 47, i8h, 010-3347-2733, female
박현은, 32, pej, 010-9332-5293, female
강민준, 18, mdd, 010-3318-5633, female
장지후, 33, ooc, 010-1333-5313, male
정지서, 34, umu, 010-3333-3333, female
이도원, 33, 7rj, 010-4333-5343, female
이채아, 05, fh6, 010-3305-3633, male
조도은, 32, m5z, 010-3332-3833, male
이지원, 33, m2h, 010-4033-.540, male
윤주윤, 34, 7ws, 010-3334-4233, female
장주후, 33, t1i, 010-4333-5443, female
김도은, 21, eu8, 010-3321-4633, female
조채호, 34, weh, 010-8334-5483, female
박현후, 22, a11, 010-3322-5833, female
강지준, 47, io1, 010-3347-5033, female
윤채호, 36, 116, 010-2334-5523, female
임예후, 19, xpf, 010-3323-5433, male
강하호, 15, b5v, 010-3315-5533, female
김지은, 04, s8t, 010-3304-5733, male
강서후, 12, 4ba, 010-3312-5933, female
박지호, 15, chp, 010-3315-6133, male
강도연, 45, 5ub, 010-3345-6333, male
조서후, 22, xem, 010-3322-6433, female
강채호, 04, 27k, 010-3304-6633, female
이윤준, 18, cjz, 010-3318-6033, female
최도아, 15, i7h, 010-3315-6833, female
강윤은, 33, 7z7, 010-6933-.569, male
최윤윤, 33, rgo, 010-1333-5713, male
임하아, 42, vub, 010-3342-7333, male
이채후, 63, 8jl, 010-3363-7433, male
윤예준, 34, 04x, 010-6334-5763, female
박주아, 35, 99h, 010-3335-7733, female
장채후, 12, 4lo, 010-3312-7933, male
박주연, 46, vmf, 010-3346-8133, male
박주윤, 34, bj4, 010-2334-5823, male
김지호, 19, umq, 010-3319-6233, male
박지우, 22, 6tn, 010-3322-8433, male
조예은, 35, yku, 010-5335-5853, male
윤채서, 27, 9dv, 010-3327-8733, female
조민은, 46, 9pm, 010-3338-8933, female
임지아, 27, w30, 010-3327-9033, female
최지진, 35, 7cp, 010-3335-9333, male
임하우, 34, mu6, 010-3334-9433, male
김윤진, 87, j9d, 010-3387-9633, male
박지아, 36, n6b, 010-3336-9833, female
강도원, 33, olg, 010-9333-5993, female
최윤우, 06, obb, 010-3306-6333, female
정윤원, 36, eb8, 010-3336-0133, male
강주준, 32, ubk, 010-3332-6033, male
장지호, 45, ocl, 010-3345-0533, female
김윤연, 33, t6f, 010-3333-0633, female
윤예아, 48, 6dp, 010-3348-0833, male
김하윤, 56, 2ph, 010-3356-1033, female
윤예연, 32, 8tk, 010-2332-6123, male
강예은, 89, hrv, 010-3389-1433, male
조윤진, 56, sig, 010-3356-1633, male
이현우, 32, 2lt, 010-7332-6173, male
박윤호, 33, fh6, 010-6533-.865, male
김지진, 16, j5y, 010-3316-1933, male
윤현은, 24, gaa, 010-3324-2133, male
박주진, 32, r89, 010-3332-2333, female
장예준, 38, ijv, 010-3338-2533, male
조예후, 46, n7n, 010-3346-2733, male
이예윤, 33, 275, 010-9333-6293, female
윤지연, 39, 7o3, 010-1339-6313, female
강주아, 13, e90, 010-3313-3333, female
김예아, 31, lxi, 010-3343-3533, female
임지윤, 63, 6k9, 010-3363-3633, male
임윤윤, 94, y4a, 010-3294-6732, female
이지호, 35, ulh, 010-9335-6393, male
박민준, 36, obq, 010-3336-4133, female
윤지후, 32, 1f1, 010-3332-6433, male
임채진, 34, sf8, 010-5334-6453, female
조지진, 44, dtg, 010-3344-4633, female
강도윤, 24, iu7, 010-3324-4833, female
이지우, 15, 7l0, 010-3315-5033, male
윤윤호, 54, 0t2, 010-3354-5233, female
박윤우, 34, 88p, 010-4334-6543, male
조주준, 33, inv, 010-6333-6563, male
윤도아, 02, y7m, 010-3302-6833, male
임주아, 33, s73, 010-2333-7923, female
이서은, 45, v0b, 010-3345-5833, male
최예아, 22, 0x3, 010-3322-6033, female
김지서, 35, 9q6, 010-2335-6623, female
김예원, 63, 6h1, 010-3336-6433, male
최지아, 32, 8yd, 010-3332-6633, male
강서은, 35, xc8, 010-9335-6693, male
이주원, 57, 5q9, 010-3357-7233, female
최지아, 65, 7s3, 010-3365-7333, female
박지호, 32, 8rw, 010-3432-7634, female
정서은, 45, ys7, 010-3354-7833, male
임지윤, 32, 99y, 010-0332-8703, female
조윤윤, 35, dgf, 010-0335-6803, female
이하호, 28, xk0, 010-3328-8233, male
강윤후, 43, 26q, 010-3343-8433, female
윤도우, 44, 1ui, 010-3344-8533, male
강서연, 62, fwr, 010-3362-8733, female
이하연, 42, egt, 010-3342-8933, male
박예호, 02, ads, 010-3302-9133, female
정도윤, 33, ule, 010-3333-6933, female
이주서, 33, 77w, 010-4333-9533, female
정서윤, 34, srl, 010-3334-9633, male
이도은, 31, 4ej, 010-3331-7133, male
장윤원, 23, z9d, 010-3323-9833, male
정하서, 36, 6zz, 010-3336-0033, male
윤하후, 38, n7w, 010-3338-0133, male
조도후, 62, sh9, 010-5334-7053, female
장도준, 27, oh2, 010-3327-0633, male
최윤원, 37, mms, 010-3337-0833, female
박주진, 45, re4, 010-3345-1033, female
박현진, 39, u9x, 010-2339-7123, female
김채서, 54, st7, 010-3354-1433, male
강도원, 46, tyq, 010-3346-1633, male
이예후, 32, j30, 010-3332-8733, female
장하윤, 28, nxp, 010-3332-1833, female
윤서우, 34, 7h3, 010-3334-7203, female
조도은, 37, p1b, 010-3337-2133, male
조주연, 12, cmp, 010-3312-2333, male
김예진, 13, d8c, 010-3313-2533, female
최하아, 32, fsu, 010-7332-7273, female
김민은, 39, sgf, 010-3339-2933, female
김지연, 32, ls2, 010-1332-7313, female
김현은, 15, 6gn, 010-3315-3233, male
김서진, 34, hmp, 010-4334-7343, male
조예아, 27, bhe, 010-3327-7433, male
정채연, 38, qxo, 010-3338-3633, male
윤윤서, 08, nh4, 010-3308-3833, male
박현준, 17, 0uy, 010-3317-3933, male
정민호, 23, 8fh, 010-3323-4133, female
강도원, 05, 2bg, 010-3305-4333, female
김현연, 54, jrt, 010-3354-4433, female
김예연, 26, xyi, 010-3326-4633, female
정지원, 14, 8w5, 010-3314-4733, female
임채원, 24, sz2, 010-3324-4933, male
윤지은, 14, hx9, 010-3314-5033, male
장서호, 09, okh, 010-3309-7633, male
김하연, 32, 4ox, 010-1332-7513, female
강도아, 34, oul, 010-3334-7533, female
박주원, 37, d25, 010-3337-5533, male
이예연, 14, 286, 010-3314-5733, female
김민호, 43, ag5, 010-3343-5933, male
장지아, 34, gfe, 010-1334-7613, male
이서후, 32, k61, 010-3332-7633, female
조주윤, 53, 982, 010-3353-6533, female
이민원, 33, ltq, 010-3333-6633, female
최민준, 13, vv8, 010-3313-6833, male
강도진, 21, o0z, 010-3321-7833, female
박윤윤, 36, kah, 010-3336-6933, female
최도서, 44, ijr, 010-3344-7133, male
장주원, 28, fmu, 010-3328-7333, male
이예후, 15, 0uk, 010-3315-7533, female
정현서, 38, 8g1, 010-3338-7633, male
박주후, 27, viu, 010-3327-7833, female
윤민진, 36, nix, 010-9336-7793, female
최윤준, 34, 2g2, 010-0334-7803, female
박서원, 67, 3u6, 010-3367-8233, female
이예후, 32, cpf, 010-3332-7833, male
정서준, 56, vrf, 010-3356-7933, female
김민아, 34, egh, 010-5334-7853, male
장민호, 63, i6t, 010-3363-8733, female
조채윤, 17, qv6, 010-3317-8833, female
장현원, 33, wvv, 010-0333-7903, male
박예호, 34, kmv, 010-3334-9233, male
조윤아, 35, w3l, 010-3335-9433, male
김지아, 43, rjh, 010-3343-9633, male
최현후, 32, ypi, 010-3332-9733, male
강예진, 33, uhd, 010-3333-9933, female
윤예연, 37, eg0, 010-3337-0133, male
임지원, 17, ey6, 010-3317-8133, female
정윤우, 33, 5ic, 010-2333-8023, female
임지윤, 33, d6y, 010-5333-8053, male
윤하후, 35, 09t, 010-3335-0733, male
정현진, 27, hir, 010-3327-0833, female
김지호, 35, 4eb, 010-0335-8103, female
강주우, 29, 6qb, 010-3329-1233, male
정서준, 22, gz1, 010-3322-1433, female
장도연, 27, 87h, 010-3335-1633, male
강지후, 34, lak, 010-7334-8173, male
최예원, 16, 9ro, 010-3316-1933, male
김지진, 31, vc0, 010-2331-8823, female
최도후, 65, xal, 010-3365-2133, female
조서연, 33, b2b, 010-3333-8233, male
조하원, 22, 1cz, 010-3322-2433, male
장지서, 66, 050, 010-3366-2633, male
최민원, 41, 508, 010-8341-8283, male
최민진, 32, mog, 010-9332-8293, female
임하서, 13, 2vu, 010-3313-3133, male
정현아, 98, gjz, 010-3298-3232, male
임예진, 03, 9xc, 010-3303-3433, female
김하호, 34, 9gm, 010-6334-8363, male
정민후, 44, 6rx, 010-3344-8333, female
정지후, 26, 611, 010-3326-9333, female
임지연, 31, 8mv, 010-8331-8383, female
조채우, 19, zmd, 010-3319-3933, female
김지아, 67, dp7, 010-3367-4133, male
강윤원, 34, rsm, 010-3356-4333, female
이현연, 27, oxn, 010-3327-4433, female
김윤호, 37, jso, 010-3337-4633, female
김도우, 36, yup, 010-7336-8473, female
임지은, 07, 2lc, 010-3707-4937, male
이하은, 36, wd7, 010-3336-5133, male
조예연, 51, sa5, 010-3351-5333, male
임지은, 66, xvb, 010-3366-8533, male
정하진, 32, hp6, 010-5332-8553, female
이지원, 02, 6hr, 010-3402-5634, female
김지준, 36, ct9, 010-3336-5833, male
최민원, 31, vcq, 010-0331-8603, female
박서은, 32, f3b, 010-2332-8623, female
정예우, 42, nm1, 010-3342-6333, male
윤도우, 36, qd5, 010-3336-6533, female
박도윤, 34, 5xy, 010-6334-8663, male
정윤아, 33, uws, 010-3333-6833, male
이서호, 32, j8h, 010-0332-8703, male
장채호, 55, i3w, 010-3355-8733, male
김채아, 62, xbp, 010-3362-7133, female
최윤연, 34, 3sn, 010-3334-8733, female
정현서, 34, uew, 010-3334-7433, male
조민은, 33, fw8, 010-6333-8763, female
장현우, 26, 62i, 010-3326-7833, female
강서아, 74, owo, 010-9474-8794, female
이채연, 57, m3v, 010-3357-8133, male
박윤원, 97, f05, 010-8497-8284, male
박예아, 67, sk8, 010-8667-8486, female
정주연, 69, kdq, 010-6869-8868, male
조지서, 09, kr8, 010-3309-8933, female
김현연, 86, leo, 010-8686-8786, female
장주후, 92, 9m0, 010-8692-8986, female
강지후, 03, cdd, 010-8703-9087, female
강주우, 67, cnz, 010-2867-8928, male
조하원, 67, 75e, 010-3867-8938, female
강채진, 67, mk9, 010-8667-9586, female
정민우, 73, tmr, 010-6873-8968, male
조도연, 95, 3z5, 010-8695-9886, female
윤현은, 68, 82z, 010-9868-8998, male
박주서, 66, 4f6, 010-0866-9008, female
정주윤, 65, faq, 010-3365-9033, male
윤하호, 04, l5c, 010-8704-0287, female
박지후, 53, b0c, 010-8653-0486, female
강현윤, 52, juy, 010-8652-0586, male
강윤원, 66, oqn, 010-7866-9078, female
장예서, 55, 9jt, 010-8655-0886, male
윤하아, 03, 4y4, 010-8703-1087, male
조도후, 33, bwm, 010-8711-1287, female
강지윤, 71, mml, 010-3871-9138, male
최하서, 92, ao2, 010-8692-1586, female
임현호, 73, cqv, 010-6873-9168, female
정지우, 28, blq, 010-3328-9233, female
조채준, 04, 53l, 010-8704-1887, male
김지후, 17, tub, 010-8717-2087, female
임지아, 21, yor, 010-8721-2187, male
박윤준, 13, n2w, 010-8713-2387, male
윤민은, 07, 79n, 010-8707-2487, female
정예연, 87, qya, 010-2687-.926, female
윤주호, 69, khn, 010-8869-9288, male
이예서, 23, sgq, 010-8723-2987, female
장채준, 71, nyn, 010-1871-9318, male
정주준, 04, 06s, 010-8704-3287, female
박서호, 36, 038, 010-3336-9433, male
최현후, 08, olp, 010-8708-3387, male
윤도서, 33, hk4, 010-8733-3487, female
이서준, 03, 3gy, 010-8703-3687, male
장채호, 15, v4b, 010-8715-3787, female
정민아, 07, so5, 010-8707-3887, female
임하우, 98, v26, 010-8698-4086, male
이채준, 83, kpf, 010-8683-4186, male
박현아, 72, pwe, 010-8672-4386, male
강지연, 97, g83, 010-8697-4586, male
조윤우, 72, s4o, 010-8672-4686, male
장하연, 28, 7ve, 010-3328-9533, male
조채은, 66, 705, 010-8666-4886, male
임윤윤, 65, 2xk, 010-9865-9498, male
정채연, 66, 9lt, 010-8666-5186, female
최지원, 67, yct, 010-3867-9538, male
이민서, 92, qx9, 010-8692-5586, male
강현우, 15, iii, 010-8815-5688, male
임예우, 64, j25, 010-8683-5886, male
박윤원, 77, 3ff, 010-8677-5986, male
정주서, 65, fb8, 010-4065-6140, female
정도진, 73, idn, 010-9173-6391, male
조민서, 22, m8t, 010-3322-9733, male
박서서, 64, l3j, 010-9364-6593, female
조민연, 47, mz4, 010-9347-6693, male
윤윤아, 58, k4r, 010-9358-6793, female
김민연, 39, bpu, 010-9939-9699, male
이서윤, 88, 61j, 010-9388-7193, female
정현원, 44, zc6, 010-9344-7393, male
장서은, 12, efd, 010-9412-7594, male
최지진, 36, wdz, 010-7936-9779, female
장지윤, 48, 2hm, 010-9348-7893, female
김서호, 62, qxe, 010-9362-8193, female
강서우, 04, 76f, 010-3404-9934, female
장채우, 56, a7v, 010-9356-8393, male
박윤우, 34, oh5, 010-9434-8494, female
최지서, 57, ui0, 010-9357-8593, female
최현후, 96, c3a, 010-9396-8793, male
조서진, 48, gqq, 010-9348-8893, female
김지호, 35, ahs, 010-9335-8993, male
정지원, 06, 7mb, 010-9406-9094, female
조민원, 85, 0mh, 010-9385-9293, female
장서윤, 94, cma, 010-9394-9393, male
정윤원, 72, yjq, 010-9372-9493, female
임윤원, 41, yi1, 010-3341-0033, female
정하원, 33, r0h, 010-5333-7953, female
강하연, 27, x17, 010-9327-9693, female
조하은, 64, nuy, 010-9364-9893, female
정도준, 09, 1vi, 010-9309-9993, male
조주윤, 31, 6ax, 010-1931-0019, female
정지은, 58, iyd, 010-9358-0393, female
임도아, 32, ovb, 010-5932-0059, female
윤지윤, 37, u8z, 010-6937-0069, male
장채연, 45, ycp, 010-9545-0895, female
최채원, 32, epb, 010-9332-0993, male
정예준, 53, m7e, 010-9353-1093, female
최채우, 47, fd9, 010-3347-0233, male
박채서, 23, 8gf, 010-9323-1293, female
박서후, 34, ml2, 010-9334-1393, female
강현원, 69, sld, 010-9369-1593, male
임예원, 42, dd2, 010-9342-1693, female
이서은, 05, c34, 010-9328-1893, male
조도우, 96, 1p2, 010-1996-.019, male
조지연, 34, w2j, 010-9334-2093, male
윤서진, 56, vh4, 010-9356-2293, female
윤주연, 44, 8kt, 010-9344-2393, female
조지준, 33, 145, 010-9333-2593, female
임하윤, 34, cir, 010-3334-0433, male
조민준, 25, vsb, 010-9325-2693, female
정지은, 34, hrg, 010-8934-0289, female
정하연, 42, 5u7, 010-9342-2993, female
박예원, 14, txu, 010-9314-3193, male
이하호, 35, b55, 010-9375-3393, male
조서아, 45, tkc, 010-9345-3493, female
정지호, 96, f1s, 010-9396-3693, male
윤예은, 36, vgu, 010-9336-3793, male
강주원, 65, j7f, 010-9365-3993, male
정지후, 34, ow1, 010-9334-4093, male
최예후, 16, jkp, 010-3306-0633, female
김주윤, 25, 00g, 010-9325-4293, male
강지원, 36, awc, 010-9374-4493, male
최지아, 34, d3q, 010-5934-0459, female
강지호, 48, u47, 010-9448-4794, male
박주준, 61, y5s, 010-9361-4893, female
박지우, 63, v2u, 010-9363-4993, male
윤서은, 85, bzg, 010-9385-5193, male
정민원, 15, dz5, 010-9376-5493, female
임채호, 37, is7, 010-9337-5593, female
최지아, 45, qga, 010-9345-5793, male
조도아, 31, jn1, 010-7331-9073, male
강민원, 38, rdp, 010-8938-0589, male
최도연, 57, n7c, 010-9357-6193, male
최도호, 27, x7m, 010-9327-6293, male
이지원, 36, gu5, 010-9336-6393, female
정하윤, 33, 65b, 010-5933-0659, female
장현윤, 48, e7c, 010-9348-6693, male
윤민아, 34, 4i5, 010-8934-0689, female
최윤연, 57, nfu, 010-9357-7093, female
박현원, 33, 4s4, 010-1933-0719, female
강윤아, 46, u7p, 010-9346-7393, male
강현우, 95, 0o5, 010-3295-0832, male
조서후, 68, pjw, 010-9368-7593, male
박지준, 32, d0x, 010-6932-0769, female
강주준, 94, dcx, 010-7894-.078, male
조하원, 38, dvm, 010-0938-0809, female
이채호, 44, qbf, 010-2944-0829, female
이지윤, 67, 3nz, 010-9367-8393, male
장서서, 38, 5ma, 010-5938-0859, female
김채은, 78, o4v, 010-9378-8793, female
정현우, 85, yl3, 010-9385-8893, male
박예아, 79, 38e, 010-9379-9093, female
정하아, 55, 9qm, 010-3355-1033, male
조도후, 36, pl5, 010-2936-0929, female
윤민진, 83, y6o, 010-9383-9493, female
박주원, 42, 6le, 010-9342-9593, female
최서준, 47, 17w, 010-7947-0979, female
장윤원, 35, zfo, 010-9935-0999, female
조서아, 28, rlj, 010-9328-0093, female
강현호, 35, hke, 010-2935-1029, female
임채원, 34, g8w, 010-4934-1049, female
최채호, 49, yll, 010-9349-0593, female
조지후, 57, 6xq, 010-9357-0793, male
최예윤, 21, k7j, 010-3368-1233, male
장주윤, 48, r30, 010-9348-0993, male
정민원, 47, xpf, 010-9347-1193, female
임예은, 05, y4j, 010-9405-1294, male
김예원, 38, kta, 010-4938-1149, male
이도원, 35, yds, 010-5935-1159, male
임지은, 64, lh9, 010-9364-1793, female
이도호, 65, ty9, 010-9365-1893, male
박지진, 45, pz3, 010-9345-2093, male
정예윤, 65, git, 010-9365-2293, female
이서윤, 64, xay, 010-9373-2493, male
이지윤, 36, 27d, 010-3336-9133, male
임주호, 94, 9yk, 010-2594-.125, female
조도연, 36, 67q, 010-7936-1279, male
정지우, 67, su9, 010-9367-2993, male
강지호, 42, b7d, 010-9342-3193, male
이예윤, 34, kk9, 010-2934-1329, female
임도진, 34, hdu, 010-4934-1349, female
김서은, 94, z8b, 010-3694-.136, female
이하원, 39, uds, 010-8939-1389, female
윤현서, 98, cs9, 010-9698-3996, male
윤예원, 63, j5f, 010-9363-4193, female
박지아, 23, abe, 010-3323-1533, female
김도아, 33, ppu, 010-9333-4393, female
조예아, 65, ayu, 010-9365-4593, female
정하후, 52, thf, 010-9397-4793, male
장채진, 37, co3, 010-8937-1489, male
장서서, 37, 6pr, 010-0937-1509, female
박현윤, 86, jws, 010-9386-5293, male
최서후, 41, 58h, 010-4941-1549, male
조주서, 81, qtm, 010-9343-5693, male
박지우, 47, 4zl, 010-9347-5793, female
박윤서, 33, hdp, 010-9333-5993, male
정도아, 15, x9k, 010-3315-1733, female
이도아, 23, 1wh, 010-3323-9733, male
김도원, 38, top, 010-1936-1619, female
정하서, 72, nip, 010-9372-6293, male
강주은, 68, 212, 010-9368-6493, female
박주은, 55, w70, 010-6937-1669, male
김채호, 67, rvn, 010-9367-6893, male
정서윤, 73, pmp, 010-9373-7093, female
이민서, 43, y54, 010-9343-7293, male
최현준, 34, hy4, 010-9334-7493, male
윤채은, 63, fjp, 010-6963-1769, female
정예아, 89, m4e, 010-9389-7893, male
임하원, 32, e3l, 010-3332-1933, female
정민원, 37, 2fh, 010-1936-1819, female
조주준, 38, q4r, 010-9338-8293, female
이채진, 34, 1bl, 010-9334-8493, male
최지우, 04, flg, 010-9404-8694, female
박채은, 84, igd, 010-9384-8893, male
이민우, 59, s7i, 010-9359-9093, male
박민호, 38, 75v, 010-9338-9293, female
강예서, 92, pss, 010-4937-1949, female
장지서, 83, or2, 010-9383-9593, female
윤예준, 32, dkd, 010-7932-1979, female
장도윤, 36, c0r, 010-3336-2133, male
최도원, 32, zeg, 010-9932-1999, male
최지아, 36, hf5, 010-9315-0193, female
정주아, 86, ul8, 010-9386-0293, male
이현윤, 63, g76, 010-9363-0493, female
김하아, 66, ill, 010-9366-0693, male
조윤윤, 13, zbw, 010-9334-0893, female
박서우, 33, 7zm, 010-9933-2099, female
김현준, 62, w9c, 010-9362-1193, male
조지호, 47, sps, 010-9347-1393, male
강주윤, 45, s43, 010-9345-1593, male
장지원, 13, 46j, 010-3313-2233, male
정윤원, 68, gzw, 010-9368-1793, female
강주연, 73, 8st, 010-9373-2093, female
조예은, 35, x6z, 010-2935-2229, male
강윤준, 44, 7ly, 010-9348-2493, female
이지후, 45, dqr, 010-0745-2607, male
조채은, 37, sf2, 010-7937-2279, female
장하진, 54, 84u, 010-0054-3800, male
최주연, 12, ymf, 010-0012-4000, male
조하연, 44, hjv, 010-0044-4200, female
이하원, 96, 98k, 010-9996-4499, male
장하은, 17, 5le, 010-3317-2433, female
이도원, 14, lu5, 010-0014-4700, female
정도진, 05, e2b, 010-0005-5000, female
조주후, 16, vee, 010-0016-5100, male
정주준, 24, x6p, 010-0024-5300, male
김예준, 15, aeo, 010-0015-5500, male
김윤진, 16, gc2, 010-0016-5700, male
박하후, 22, b22, 010-0022-5900, female
박서연, 42, bnj, 010-0042-6100, female
윤예서, 38, 17k, 010-0038-6300, male
강주윤, 03, av0, 010-5003-2650, male
최도후, 25, p8e, 010-3325-2633, male
정서원, 26, q8c, 010-0026-6700, female
임민후, 67, 0g0, 010-0067-6900, male
김하준, 42, 1vo, 010-0042-7100, male
조지연, 01, tkg, 010-3001-2730, female
최윤연, 02, qfk, 010-0027-7500, female
최윤진, 26, hq4, 010-0026-7700, female
장하진, 44, g74, 010-0044-7800, female
강민아, 16, 7a1, 010-0016-8000, female
이예우, 02, 04g, 010-2002-2820, female
이지원, 23, 3d0, 010-0023-8400, female
정채원, 32, g4w, 010-7332-9273, male
정하서, 12, oik, 010-0012-8600, female
조서원, 06, ln3, 010-0006-8800, male
윤하윤, 19, 7qf, 010-0019-9000, female
윤하윤, 15, 89q, 010-0015-9200, male
임지호, 04, cin, 010-0004-9400, female
이지진, 03, pm3, 010-6003-2960, female
이윤진, 35, ron, 010-0035-9700, female
최윤서, 24, sqh, 010-0024-9900, female
임윤호, 42, p8k, 010-0042-0100, female
조예윤, 26, 6k2, 010-0026-0300, female
정하우, 18, 7ac, 010-3318-2933, male
박지서, 03, gs8, 010-5003-3050, female
정민서, 25, 7il, 010-0025-0700, female
조민아, 46, 5ql, 010-9001-3090, male
김현준, 47, cmr, 010-0047-1000, male
최채서, 17, flw, 010-0017-1200, female
윤서은, 02, u9h, 010-4002-3140, male
강도진, 21, ers, 010-0021-1600, female
최지진, 63, gxk, 010-0063-1700, male
최채서, 74, qmm, 010-0074-1900, male
강지원, 65, tt2, 010-0065-2100, female
윤도후, 96, ne7, 010-3296-3032, male
최하준, 47, mky, 010-0047-2300, female
강서서, 43, dij, 010-0043-2500, female
김도아, 04, axh, 010-6004-3260, male
최하진, 32, g7k, 010-0032-2800, male
윤지연, 29, bhw, 010-0029-2900, female
장민원, 41, 5av, 010-0041-3100, female
임지아, 06, afx, 010-3006-3330, female
박주서, 32, 9mt, 010-0032-3400, male
정하윤, 38, ogu, 010-0038-3600, male
이하연, 39, map, 010-0039-3800, female
강민진, 31, hro, 010-2331-9323, male
최윤윤, 28, jl8, 010-0028-3900, male
윤지진, 32, jzp, 010-0032-4100, male
정지진, 17, maa, 010-0017-4200, female
최지연, 18, 88t, 010-0018-4400, female
강도아, 03, 63x, 010-0035-4600, female
조하윤, 04, x4o, 010-7004-3470, female
강현연, 12, hix, 010-0012-4900, male
박민우, 05, ccu, 010-0005-5100, male
조지후, 25, c1m, 010-0025-5300, male
장서후, 44, jrk, 010-0044-5400, female
장현후, 93, 6f9, 010-4331-9343, female
강지윤, 91, c5s, 010-3391-9833, male
최서호, 26, y79, 010-0026-5600, female
강서우, 12, 19b, 010-0012-5800, female
강주진, 23, xs6, 010-0023-6000, female
장현준, 17, isf, 010-0017-6100, male
조서준, 25, bu1, 010-0025-6300, male
최도원, 35, t2z, 010-0035-6600, female
강윤준, 05, 8n3, 010-0005-6800, male
정도진, 08, jp7, 010-0008-7000, male
최윤후, 39, 9dk, 010-0005-7200, female
최윤원, 23, pql, 010-0023-7300, male
조지우, 92, j7y, 010-3292-3532, male
윤지호, 05, f0d, 010-0005-7500, male
임지호, 99, pgp, 010-9999-7699, female
박지아, 93, ifw, 010-9993-7799, male
김예은, 06, zqk, 010-0006-8000, male
박현원, 15, mlk, 010-0015-8100, female
윤주우, 56, cmo, 010-0056-8300, male
최도준, 03, 9b4, 010-5003-3850, female
장서연, 97, 11q, 010-9997-8599, male
조하아, 05, 3o8, 010-8005-3880, male
조도우, 42, ha8, 010-0042-8900, male
윤현아, 22, qws, 010-3322-3733, female
김윤윤, 03, cmv, 010-0003-9100, female
장주후, 18, 9eb, 010-0018-9300, male
강예윤, 17, bek, 010-0021-9500, male
최지준, 23, 9ko, 010-0023-9600, female
최현서, 05, ydn, 010-8005-3980, female
정채서, 23, ysw, 010-0023-9900, male
박예우, 02, mo9, 010-1002-4010, female
임예진, 04, 1q2, 010-0004-0300, male
조지서, 02, w42, 010-4002-4040, male
장윤준, 16, tbv, 010-0016-0600, male
김서후, 16, os5, 010-3303-3933, female
박지은, 01, wp9, 010-8001-4080, male
장지아, 16, fqg, 010-0016-0900, female
임지원, 07, knk, 010-0007-1100, male
최지아, 02, 0zu, 010-3002-4130, male
박지서, 01, kvq, 010-4001-4140, female
최도연, 18, jnv, 010-0018-1600, female
정현은, 01, izz, 010-8002-4180, female
임하아, 23, uyo, 010-0023-1900, female
김채은, 03, 7mm, 010-1003-4210, male
박서후, 01, fwm, 010-3001-4230, male
장윤호, 33, l3m, 010-4033-.940, female
윤현은, 15, 7a8, 010-5002-4250, female
정하윤, 15, cv0, 010-0015-2600, female
최현원, 05, yv9, 010-0005-2800, female
박지진, 09, dnu, 010-0009-2900, female
강지윤, 33, qd4, 010-0033-3100, female
이주윤, 02, 76w, 010-2002-4320, male
박채진, 12, 6jk, 010-0012-3400, female
조지아, 15, opd, 010-0015-3600, female
이윤아, 17, bo4, 010-0017-3700, male
임민후, 03, qks, 010-9003-4390, male
정도우, 13, up5, 010-3313-4233, female
강도원, 14, prl, 010-0014-4100, male
김예우, 13, hf4, 010-0013-4200, female
장도우, 12, 4s0, 010-0012-4400, male
박도원, 06, lat, 010-0006-4500, female
강지준, 15, y1i, 010-0015-4700, female
최지서, 04, ze2, 010-0004-4900, male
김예서, 05, 4ls, 010-0005-4500, male
윤하서, 01, 89d, 010-2001-4520, male
조예윤, 26, dvj, 010-5166-5458, male
강윤호, 35, 79w, 010-5535-4555, male
이지진, 97, 9f6, 010-3297-4432, female
장도후, 57, ov6, 010-5357-5753, male
김예연, 51, oh6, 010-5351-5953, female
장민서, 53, 3sy, 010-5353-6053, male
장지준, 54, at8, 010-5354-6253, male
임도후, 55, 8zc, 010-5355-6453, female
조주원, 68, cxe, 010-5368-6553, female
이지준, 76, vw3, 010-5376-6853, male
박지아, 58, uuc, 010-5358-7053, male
이채호, 74, wha, 010-5375-7253, male
최윤원, 36, viy, 010-3536-4735, male
임하후, 01, v1r, 010-3301-4533, female
박현원, 63, bz9, 010-5363-7553, female
장하은, 79, qa8, 010-5379-7753, male
김서윤, 63, chi, 010-5363-7953, female
강지서, 73, 1xo, 010-5373-8153, female
조하준, 46, dg4, 010-5346-8353, female
임민은, 59, uf7, 010-5359-8553, female
최서우, 36, i0w, 010-6536-4865, female
이현은, 35, rpw, 010-8535-4885, female
정현호, 39, c2z, 010-0539-4905, female
조주아, 46, k3i, 010-5346-9253, male
박하호, 17, 10m, 010-3317-4733, male
강현준, 55, c6s, 010-5355-9353, male
장현진, 56, 0mu, 010-5356-9553, female
임민호, 57, y2q, 010-5357-9753, female
임현후, 36, jt6, 010-8536-4985, male
박주아, 57, 90c, 010-5357-0053, female
장예윤, 45, 77f, 010-5345-0153, male
정주준, 46, 9sq, 010-5346-0353, male
조하아, 38, wr8, 010-5338-0453, male
김현연, 39, zak, 010-5339-0653, male
정예후, 36, 5ou, 010-7536-5075, female
윤민후, 33, 6cl, 010-4933-.949, male
조하후, 15, rf5, 010-5815-1658, female
윤윤연, 83, pb2, 010-6004-1960, male
강주은, 98, mxt, 010-1598-5215, male
정지윤, 87, epq, 010-5987-2359, female
정예윤, 97, qf2, 010-5597-5255, male
강하원, 73, lo0, 010-5973-2659, male
이민진, 97, 0u9, 010-5997-2859, male
장지호, 15, wnb, 010-6015-3060, male
조지은, 68, 8qf, 010-5968-3259, female
정채은, 77, xdk, 010-5977-3359, male
박하연, 33, vv9, 010-5133-.951, male
최도은, 73, ft2, 010-3373-0033, male